DATE,ER VOICE TRAFFIC   2G /3G,ER BUSY TRAFFIC 2G/3G,ZTE VOICE TRAFFIC 2G/3G,ZTE BUSY TRAFFIC 2G/3G,VLR COUNT,SITE COUNT 2G/3G/4G,TCS SITE COUNT,DATA VOL 2G(GB),DATA VOL 3G(GB),DATA VOL ZTE 4G(GB),DATA VOL TCS 4G(GB),DATA VLR 2G,DATA VLR 3G,DATA VLR ZTE 4G,DATA VLR TCS 4G,VOLTE TRAFFIC ZTE,VOLTE TRAFFIC TCS
01-01-2024,1415/1143,101/89,64085/46595,5313/3615,598335,1226/1122/150,,335,34971.3,3596.8,,46479,96645,8290,,365.1,
02-01-2024,1285/879,114/73,50397/36944,4558/3079,624660,1226/1122/150,,309,34564.8,3640.3,,46554,97334,8813,,393.1,
03-01-2024,1314/930,120/75,50048/36773,4518/3001,646125,1226/1122/150,,310,34474,3706.2,,46725,98532,8757,,399.8,
04-01-2024,1367/908,131/65,51077/37487,4761/3122,665678,1226/1122/150,,308,34433.6,3637,,48289,97964,8905,,407.7,
05-01-2024,1350/924,122/74,51037/36551,4895/3084,682962,1226/1122/150,,309,34500.2,3602.1,,47022,98389,8725,,394.4,
06-01-2024,1374/949,136/80,53101/37017,4978/3096,699639,1226/1122/150,,318,35810.1,3685.82,,47430,98105,8684,,366.97,
07-01-2024,1334/943,127/82,50191/33147,4853/3015,710294,1226/1122/150,,255,30371.4,3310.9,,43166,98091,8694,,227.02,
08-01-2024,1505/1005,141/89,53414/38459,5005/3290,718894,1226/1122/150,,304,33733.7,3417.7,,45997,98679,8642,,389.8,
09-01-2024,1487/1020,128/88,52392/38600,4896/3229,731135,1226/1122/150,,300,34048,3313.6,,46871,98484,8564,,349.89,
10-01-2024,1506/1008,133/85,51877/38643,4780/3162,742336,1226/1122/150,,298,33703.7,3279.5,,44339,99137,8263,,336.39,
11-01-2024,1415/1016,128/82,51247/38467,4787/3161,753876,1226/1122/150,,299,34503.7,3317.6,,45648,98669,8415,,398.8,
12-01-2024,1518/1001,134/74,47750/37646,4157/3191,764586,1226/1122/150,,286,33979.3,3165.8,,45972,98607,8551,,381.9,
13-01-2024,1423/958,134/76,49411/36691,4565/2945,774652,1226/1122/150,,292,34223.3,3465.1,,45626,98669,8667,,385.99,
14-01-2024,1337/879,118/73,46312/32788,4418/2787,780976,1226/1122/150,,282,34601.6,3571.1,,44423,95832,8381,,369.91,
15-01-2024,1374/897,114/67,48447/36079,4591/3013,788914,1226/1122/150,,294,34511.8,3603.9,,44563,97246,8466,,332.04,
16-01-2024,1428/937,135/79,50114/37945,4599/3157,797533,1226/1122/150,,292,33341,3392,,45363,97372,8886,,344.98,
17-01-2024,1406/988,119/88,51167/37895,4754/3041,806615,1226/1122/150,,305,34752.2,3625.5,,45885,97517,8711,,372.31,
18-01-2024,1607/1054,140/81,54199/38397,4836/3155,815224,1226/1122/150,,322,35524.4,3152.8,,45359,96138,8867,,362.75,
19-01-2024,1614/949,144/86,49249/37322,4724/3163,823463,1226/1122/150,,313,33616.8,2870.5,,45029,97300,8114,,350.14,
20-01-2024,1530/1041,138/89,51181/37426,4766/3087,831625,1226/1122/150,,320,31406.3,3651.2,,45771,96466,8799,,414.99,
21-01-2024,1430/949,136/86,48192/34034,4646/2974,837478,1226/1122/150,,295,32907.1,3559.3,,44336,96442,8490,,348.45,
22-01-2024,1262/868,118/70,43913/31327,4004/2513,844150,1226/1122/150,,302,33855,3750.3,,43112,97029,8616,,372.85,
23-01-2024,1395/1018,133/89,50567/38447,4822/3214,851221,1226/1122/150,,309,35250.2,3357.9,,45272,97636,8612,,367.1,
24-01-2024,1669/1016,152/81,50695/38549,4878/3256,858073,1226/1122/150,,304,35287.2,3255.1,,43378,97551,8251,,383.7,
25-01-2024,1482/1070,129/88,51419/39411,4787/3206,864878,1226/1122/150,,297,32334.6,3543.2,,45282,98227,8805,,437.5,
26-01-2024,1473/937,141/86,46447/32326,4780/3025,873556,1226/1122/150,,304,32217.4,3840.9,,45320,96946,8729,,422.5,
27-01-2024,1455/1027,132/85,51008/38247,4835/3177,882331,1226/1122/150,,303,35449.2,3840.9,,44613,98137,8557,,422.5,
28-01-2024,1463/995,129/85,49067/35121,4873/3143,888576,1226/1122/150,,287,35720.8,3840.9,,44871,97550,8675,,422.5,
29-01-2024,1467/955,130/92,53104/40775,4872/3349,895029,1226/1122/150,,294,34066.3,3600.8,,44871,97550,8675,,452.4,
30-01-2024,1504/1078,131/85,53298/40738,5008/3445,904776,1226/1122/150,,295,34627.3,3586.2,,44725,99095,8961,,437.4,
31-01-2024,1526/1017,148/82,53224/40515,5025/3359,911990,1226/1122/150,,298,35279.3,3618.3,,45333,98073,8888,,433.8,
01-02-2024,1410/1044,148/84,56894/40177,5139/3317,595406,1226/1122/150,,322,36978.5,3799,,46580,96609,8689,,464.2,
02-02-2024,1451/1063,127/91,52737/38972,5007/3332,624218,1226/1122/150,,310,35342.7,3819.3,,44931,98496,9007,,447,
03-02-2024,999/1132,124/82,52563/39051,4945/3285,645772,1226/1122/150,,301,35335.1,3585.5,,44470,98640,8739,,421.8,
04-02-2024,1333/937,140/84,51009/35764,4959/3210,665157,1226/1122/150,,295,35593.8,3748.5,,43136,98231,8652,,409.1,
05-02-2024,1287/1055,130/89,54762/40397,5161/3439,733244,1226/1122/150,,308,35072.4,3721,,46000,98349,9023,,452,
06-02-2024,1485/1071,145/84,54581/41137,5075/3397,748049,1226/1122/150,,317,35198.1,3796,,46617,97889,9033,,464.3,
07-02-2024,1506/1027,150/81,53314/40904,4987/3457,761032,1226/1122/150,,310,34586,3704.5,,46623,98647,8965,,460.8,
08-02-2024,1454/1046,133/86,53204/40606,4965/3410,773185,1226/1122/150,,313,34853.9,3594.6,,46299,98823,8933,,446.2,
09-02-2024,1517/984,135/76,51678/39691,4869/3248,784237,1226/1122/150,,298,33053.9,3333.5,,44259,102477,8908,,411.8,
10-02-2024,1465/924,127/73,51912/38900,4808/3260,795964,1226/1122/150,,309,34926.1,3653.7,,45574,98546,8821,,457.4,
11-02-2024,1500/883,143/78,49216/35226,4812/3170,803742,1226/1122/150,,300,35626.4,3748.2,,45022,97613,8433,,431.3,
12-02-2024,1564/931,153/80,53186/40108,5031/3334,812255,1226/1122/150,,307,34686.9,3697.6,,45525,98416,8871,,454.5,
13-02-2024,1211/864,140/76,55344/39490,4929/3210,825502,1226/1122/150,,336,34786.7,3831.4,,46618,96605,8832,,427,
14-02-2024,1450/766,129/67,49080/35492,4513/2898,834264,1226/1122/150,,336,35339.6,3621,,46115,97222,8372,,365.8,
15-02-2024,1515/881,119/72,53237/38454,4831/3159,842568,1226/1122/150,,329,35427.7,3776.6,,44990,96929,8589,,391.2,
16-02-2024,1498/794,125/71,51491/37569,4573/2988,851152,1226/1122/150,,324,34224,3333.5,,46248,97461,8649,,417.55,
17-02-2024,1470/926,136/75,51853/38124,4696/3066,860242,1226/1122/150,,318,34945.5,3800.34,,46748,97610,8900,,434.09,
18-02-2024,1502/838,131/76,49458/34854,4670/3071,866543,1226/1122/150,,310,35307.9,3865.83,,45469,96477,8741,,423.35,
19-02-2024,1527/966,152/83,53302/39933,4963/3333,874488,1226/1122/150,,302,34283.7,3699.76,,46150,98252,8863,,431.92,
20-02-2024,1516/958,130/79,53192/39320,4949/3320,883565,1226/1122/150,,306,33978.3,3661.14,,47016,98046,8895,,449.9,
21-02-2024,1433/963,141/85,53117/38624,4939/3271,892129,1226/1122/150,,309,33892.4,3737.33,,48136,97800,8953,,476.8,
22-02-2024,1453/975,147/75,53255/38786,5110/3346,900325,1226/1122/150,,318,34636.5,3695.85,,48024,97167,8961,,423.3,
23-02-2024,1345/862,119/64,51871/38698,4818/3264,908921,1226/1122/150,,308,34811.7,3710.43,,46392,97753,8870,,434.7,
24-02-3024,1305/894,126/80,50305/37361,4698/3115,917912,1226/1122/150,,313,35914.4,3432.26,,47227,97251,8516,,389.69,
25-02-2024,1356/846,122/90,49326/34439,4694/3109,923743,1226/1122/150,,299,35474.8,3850.5,,45865,96598,8858,,428.6,
26-02-2024,1469/885,134/85,52435/38890,4883/3272,930341,1226/1122/150,,303,34865,3687.89,,45506,98785,9006,,430.6,
27-02-2024,1282/917,93/61,51791/38629,4786/3127,938018,1226/1122/150,,322,35212.4,3550.06,,46203,96955,8783,,441.62,
28-02-2024,1423/930,135/82,52659/39510,4762/3285,946685,1226/1122/150,,319,34452.4,3569.96,,45057,97698,8960,,451.3,
29-02-2024,1527/948,140/80,53781/40086,4894/3342,953772,1226/1122/150,,315,34974.4,3741.55,,43722,98135,8977,,466.5,
01-03-2024,1532/918,135/79,52655/38954,4829/3310,587001,1226/1122/150,,311,35004.7,3798.25,,44182,97392,8976,,469.5,
02-03-2024,1492/954,134/82,52655/38999,4814/3228,619625,1226/1122/150,,310,34971.1,3720.5,,43658,97774,8957,,430.9,
03-03-2024,1535/931,153/84,51968/35432,4987/3115,636227,1226/1122/150,,301,36361.4,3964.25,,43482,96440,8875,,403.6,
04-03-2024,1502/924,137/75,53891/39110,4891/3197,651886,1226/1122/150,,318,34232,3660.99,,44802,96219,8990,,449.8,
05-03-2024,1537/929,141/80,54142/39832,4824/3265,671862,1226/1122/150,,316,34325.4,3598.32,,43340,96655,9203,,473.4,
06-03-2024,1525/774,144/62,52806/39796,4737/3236,689081,1226/1122/150,,299,34452.8,3080.95,,42808,97195,8714,,440.4,
07-03-2024,1560/845,138/66,52668/39789,4686/3275,703910,1226/1122/150,,309,34748.5,2751.45,,42544,98677,7327,,403.3,
08-03-2024,1515/840,125/71,48174/34930,4434/2904,718109,1226/1122/150,,309,35758,3407.18,,42544,98677,7327,,394.8,
09-03-2024,1455/913,129/77,52325/37950,4545/3135,731737,1226/1122/150,,294,35343.4,3702.93,,42544,98677,7327,,420.5,
10-03-2024,1579/921,145/89,50992/35754,4781/3144,742927,1226/1122/150,,274,35377.8,3765.94,,42544,98677,7327,,454.4,
11-03-2024,1568/909,141/81,53763/40631,4792/3387,751869,1226/1122/150,,280,34161.3,3609.73,,38701,98830,9031,,462.6,
12-03-2024,1623/1028,160/94,53522/40099,4940/3454,762293,1226/1122/150,,288,34741.8,3643.48,,38786,99044,8906,,456.5,
13-03-2024,1504/1017,137/88,52849/40074,4976/3479,773043,1226/1122/150,,293,34812.1,3702.29,,40210,99028,8961,,408.9,
14-03-2024,1607/979,133/84,54170/40930,4954/3501,785708,1226/1122/150,,299,35305.4,3831.35,,42658,99490,9058,,437.5,
15-03-2024,1671/1008,151/99,52402/40258,4725/3466,799375,1226/1122/150,,297,34773.5,3677.25,,42658,99490,9058,,438.2,
16-03-2024,1417/957,124/78,52972/39394,5096/3337,808457,1226/1122/150,,307,35333.1,3670.38,,42658,99490,9058,,414.3,
17-03-2024,1395/951,147/78,50232/35397,4788/3166,815367,1226/1122/150,,285,35048.1,3645,,42658,99490,9058,,413.3,
18-03-2024,1718/958,157/78,53078/39454,5041/3270,822920,1226/1122/150,,295,34914.5,3567.56,,43205,98121,8924,,426,
19-03-2024,1679/933,163/90,52941/39609,4964/3323,832109,1226/1122/150,,319,34378.9,3595.29,,42145,96898,8909,,453,
20-03-2024,1598/871,145/72,52899/38709,4802/3129,841297,1226/1122/150,,308,34033.1,3461.6,,42940,97535,8856,,386,
21-03-2024,1557/995,146/78,53181/39569,4945/3349,850214,1226/1122/150,,309,34320.5,3607.29,,41180,98735,8998,,463.5,
22-03-2024,1690/970,157/80,50964/38168,4653/3168,859049,1226/1122/150,,310,34580.9,3695.21,,42028,99474,9244,,424.4,
23-03-2024,1578/931,138/78,50624/36833,4502/2992,869769,1226/1122/150,,309,34675.9,3766.17,,43392,98946,9274,,414.3,
24-03-2024,1565/933,146/78,47361/32645,4274/2827,875524,1226/1122/150,,284,34753.9,3798.88,,42060,98317,9169,,413.3,
25-03-2024,1591/935,155/74,44501/30032,4005/2484,880231,1226/1122/150,,282,35672.6,3923.79,,39035,95513,8699,,356.3,
26-03-2024,1344/886,127/81,44517/31041,3901/2565,887190,1226/1122/150,,291,35786.5,3762.56,,39817,96470,8547,,354.3,
27-03-2024,1393/997,128/86,48738/35839,4364/3007,892946,1226/1122/150,,303,35308,3886.29,,41785,98039,9262,,415.1,
28-03-2024,1370/992,133/84,50495/37834,4598/3170,900975,1226/1122/150,,299,34336.3,3920.47,,41662,98342,9184,,405.6,
29-03-2024,1476/972,135/85,48981/36163,4454/3112,906812,1226/1122/150,,292,27748.9,1366.69,,39906,98554,9055,,130.6,
30-03-2024,1380/1022,137/82,50866/38227,4595/3146,914266,1226/1122/150,,288,33030,3886.29,,41255,98648,9104,,415.1,
31-03-2024,1426/899,154/84,46842/34561,4354/3113,923013,1226/1122/150,,285,33032.7,3920.47,,41357,97424,8482,,405.6,
01-04-2024,1627/1015,144/78,51501/39408,4518/3280,581240,1226/1122/150,,294,33837.5,2440.12,,40582,99059,8875,,316.14,
02-04-2024,1515/946,135/75,51971/40220,4560/3382,615600,1226/1122/150,,288,34030.2,3510.88,,41538,99756,8917,,432.44,
03-04-2024,1483/993,126/81,50946/40507,4648/3350,637341,1226/1122/150,,274,33486.7,3009.39,,40926,99557,8460,,358.72,
04-04-2024,1411/935,140/95,51613/39712,4829/3402,654661,1226/1122/150,,282,33434.4,3548.07,,40958,99631,8908,,427.39,
05-04-2024,1557/832,168/74,51445/39312,4565/3325,669786,1226/1122/150,,301,34393.4,3796.27,,42033,98175,9088,,418.46,
06-04-2024,1492/999,136/79,51702/39930,4500/3268,681085,1226/1122/150,,290,34354,3419.2,,41416,99230,9074,,392.5,
07-04-2024,1386/908,125/74,48562/35093,4478/3077,692654,1226/1122/150,,292,34448.5,2957.36,,42978,97984,8694,,280.8,
08-04-2024,1449/952,132/79,50892/40028,4497/3271,703159,1226/1122/150,,286,33366.5,3296.61,,41813,100015,8810,,405.7,
09-04-2024,1475/901,125/77,51325/39967,4476/3210,716062,1226/1122/150,,288,33946.8,3684.99,,42887,100016,8893,,425.7,
10-04-2024,1442/930,136/72,40466/32292,4466/3303,727839,1226/1122/150,,206,33140.2,3660.15,,42492,100307,8997,,402.2,
11-04-2024,1386/893,134/79,51316/37542,4485/3074,735741,1226/1122/150,,293,35501.9,3856.69,,42035,98172,9050,,409.3,
12-04-2024,1396/934,144/70,51090/38901,4466/3128,743003,1226/1122/150,,313,34303.2,3691.25,,42293,98636,9103,,427.8,
13-04-2024,1380/962,145/71,50095/37555,4220/2979,753546,1226/1122/150,,301,34544.9,3593.36,,42662,98876,8881,,376.3,
14-04-2024,1395/901,139/83,47317/34090,4240/2921,762852,1226/1122/150,,279,34899.3,3706.28,,42553,98237,8920,,377.9,
15-04-2024,1508/957,151/74,50675/39170,4284/3170,770277,1226/1122/150,,288,33384.5,3640.76,,42700,99540,9081,,433.5,
16-04-2024,1454/990,133/71,50379/39590,4088/3035,779555,1226/1122/150,,301,34237.2,3693.75,,42061,99067,9367,,454.9,
17-04-2024,1267/738,115/59,44145/32453,3830/2669,789092,1226/1122/150,,292,34072.8,3291.28,,41942,96342,8739,,321.6,
18-04-2024,1467/961,137/72,49516/37829,3971/3008,800671,1226/1122/150,,296,33456.4,3107.55,,41812,97565,8649,,391.8,
19-04-2024,1552/822,139/55,49289/37471,4025/2973,811147,1226/1122/150,,294,32693,3248.68,,41015,96705,8817,,391,
20-04-2024,1628/895,171/72,48939/37381,3975/2993,823820,1226/1122/150,,285,32671.6,3249.82,,42272,96847,8733,,403.2,
21-04-2024,1678/910,144/76,45994/33834,3917/2775,830984,1226/1122/150,,283,32780.9,3280.27,,42176,95681,8377,,374.2,
22-04-2024,1499/914,124/76,49966/39186,4321/3163,838381,1226/1122/150,,287,32236,"3,161.93",,41310,96777,8436,,416.5,
23-04-2024,1524/958,144/91,49901/38035,4242/3056,847065,1226/1122/150,,292,32949,3288.05,,42539,97459,8681,,405.4,
24-04-2024,1420/916,135/84,50347/38838,4141/3122,858074,1226/1122/150,,283,32922.8,3374.7,,41787,98195,8770,,452.53,
25-04-2024,1417/890,146/78,50676/39547,4210/3304,865543,1226/1122/150,,298,33642.7,3478.6,,40263,98059,8924,,466.7,
26-04-2024,1388/825,132/62,48728/37681,4182/3085,874784,1226/1122/150,,297,33509.6,3455.3,,40246,97320,8815,,437.94,
27-04-2024,1404/816,128/64,48699/36858,4087/2987,883961,1226/1122/150,,294,34264,3543.3,,40824,97035,8514,,423.6,
28-04-2024,1430/827,140/64,46542/33926,4058/2956,888627,1226/1122/150,,285,34689.4,3706.2,,40262,96472,8483,,378.31,
29-04-2024,1459/841,135/57,50421/39231,4248/3231,894623,1226/1122/150,,290,33202.6,3413.4,,41155,98014,8583,,413.4,
30-04-2024,1571/750,163/60,50282/39306,4118/3206,901780,1226/1122/150,,290,33147.6,3309.7,,40422,98683,8270,,402.73,
01-05-2024,1615/787,143/63,49279/38456,4182/3161,566243,1226/1122/150,,283,34615.7,3389.8,,38255,98838,8383,,388.259,
02-05-2024,1607/887,155/82,51205/39678,4267/3304,598677,1226/1122/150,,302,35124.6,3531.1,,38255,98838,8383,,410.91,
03-05-2024,1661/939,157/81,50193/39137,4212/3192,629991,1226/1122/150,,317,35758.8,3616,,38255,98838,8383,,435.25,
04-05-2024,1508/929,141/78,50383/39100,4196/3215,648519,1226/1122/150,,307,35824.1,3784.6,,41148,99276,8680,,430.06,
05-05-2024,1505/890,153/77,47451/35195,4089/2975,662714,1226/1122/150,,297,35816.9,3696.7,,41450,98663,8583,,387.48,
06-05-2024,1398/900,115/72,50341/39177,4252/3165,671866,1226/1122/150,,311,35162.9,3772.2,,41783,100517,8885,,435.3,
07-05-2024,1466/886,136/69,49157/37369,4001/2901,685967,1226/1122/150,,328,34384.5,3639.8,,44637,97747,8615,,406.6,
08-05-2024,1503/933,134/74,50686/38782,4285/3268,699339,1226/1122/150,,328,34073.4,3550.4,,44051,99472,8814,,449.6,
09-05-2024,1416/759,126/65,50473/37051,4347/3002,711865,1226/1122/150,,347,34495,3272.3,,44488,97311,8532,,290.8,
10-05-2024,1565/895,100/66,50878/37810,4292/3121,723672,1226/1122/150,,365,34738.4,3272.3,,44047,99105,8839,,400,
11-05-2024,1377/853,116/67,50397/35995,4116/2930,736677,1226/1122/150,,381,34150.6,3272.3,,45802,97150,9477,,371.5,
12-05-2024,1597/846,151/66,48971/34292,4281/2914,745251,1226/1122/150,,339,35408.7,3272.3,,44010,96587,9177,,378.6,
13-05-2024,1365/856,111/75,50736/39629,4402/3247,754435,1226/1122/150,,332,33856.1,3644.9,,43036,97479,9464,,370.4,
14-05-2024,1541/987,147/72,51183/39261,4242/3157,763599,1226/1122/150,,335,34748,3703.1,,43326,98943,9485,,389.3,
15-05-2024,1387/938,128/85,50601/38952,4349/3201,775802,1226/1122/150,,321,34778.5,3736,,43788,99853,9125,,400.6,
16-05-2024,1320/948,122/81,51607/39308,4325/3106,783708,1226/1122/150,,333,35195.4,3769.7,,43329,99837,9044,,420.09,
17-05-2024,1328/985,116/81,49206/37374,4175/3041,792274,1226/1122/150,,333,35027.9,3700,,42576,99293,8961,,417.67,
18-05-2024,1394/970,124/78,49544/37440,4256/2968,801558,1226/1122/150,,326,35513.2,3539.2,,42192,99385,8876,,380.8,
19-05-2024,1306/914,120/81,47350/34342,4021/2883,813647,1226/1122/150,,321,35681.7,3727.9,,43008,96754,8620,,382.65,
20-05-2024,1307/893,123/79,49319/38093,4129/3102,827443,1226/1122/150,,328,34748.4,3571.5,,42801,97940,8904,,400.45,
21-05-2024,1195/942,111/68,50373/37997,4025/3004,834910,1226/1122/150,,339,35377.5,3647.5,,42859,98464,9204,,426.27,
22-05-2024,1211/877,115/76,49542/37206,4139/2937,843219,1226/1122/150,,338,35314.2,3674.1,,42826,97277,8931,,403.78,
23-05-2024,1323/877,129/74,49034/36463,4174/2961,850007,1226/1122/150,,354,35680.9,3524.2,,42743,97541,8650,,375.29,
24-05-2024,1481/917,138/71,48675/36801,3862/2906,856191,1226/1122/150,,349,35135.6,3652,,42712,98948,8652,,386.55,
25-05-2024,1308/825,121/74,45583/33321,3921/2818,864256,1226/1122/150,,323,34838.9,3485.5,,40548,97278,8347,,378.36,
26-05-2024,1316/797,126/65,45591/32165,3904/2715,870364,1226/1122/150,,302,34634.1,3573.8,,41067,96656,8633,,208.27,
27-05-2024,1330/898,128/75,50033/36242,4117/2827,875167,1226/1122/150,,349,33742.9,3510.9,,43104,95732,8712,,277,
28-05-2024,1316/825,121/58,51024/34935,4033/2791,882092,1226/1122/150,,421,33893,3496.9,,46515,92301,8721,,366.1,
29-05-2024,1291/760,112/60,50881/36170,3994/2739,888919,1226/1122/150,,419,32269.2,3381.36,,42743,97273,8654,,399.56,
30-05-2024,1337/857,99/68,50715/35820,4047/2910,896041,1226/1122/150,,417,31802.7,3342.53,,41450,98663,8583,,389.86,
31-05-2024,1404/896,122/59,50033/36242,4117/2827,902426,1226/1122/150,,349,31929.2,3409.27,,45707,80205,7458,,370.08,
01-06-2024,1171/802,94/44,49883/32355,4250/2398,553208,1226/1122/150,,201,31346.3,3438.17,,48830,84492,8829,,409.4,
02-06-2024,1212/803,125/70,47603/28308,3971/2416,575321,1226/1122/150,,403,30265.4,3388.82,,49200,85372,8674,,354.05,
03-06-2024,1206/826,111/64,50952/32549,4047/2684,596702,1226/1122/150,,416,30840.5,3316.27,,49368,88767,8801,,364.52,
04-06-2024,1181/793,113/66,47547/29753,3902/2581,617772,1226/1122/150,,449,33918.9,3793.44,,48236,89351,8585,,346.13,
05-06-2024,1131/854,94/71,49598/32238,4013/2487,634891,1226/1122/150,,418,32029.2,3427.59,,47982,89486,8996,,363.02,
06-06-2024,1191/857,116/73,50788/33276,4188/2703,650845,1226/1122/150,,422,32944.3,3472.36,,48101,90891,9301,,375.41,
07-06-2024,1246/849,121/68,50369/32786,4058/2668,666090,1226/1122/150,,417,32394.7,3312.48,,48414,91607,8908,,358.559,
08-06-2024,1235/840,122/69,50025/32165,3979/2596,680739,1226/1122/150,,412,32569.6,3187.8,,49324,91468,8905,,338.264,
09-06-2024,1211/689,107/53,44963/27679,3577/2166,690291,1226/1122/150,,382,32959.6,2710.77,,47163,91010,8490,,181.032,
10-06-2024,1226/889,97/64,49660/33628,3660/2738,701925,1226/1122/150,,396,32278.2,3091.32,,48598,91705,9108,,353.83,
11-06-2024,1281/908,115/74,48845/33780,3753/2740,714378,1226/1122/150,,377,31781.3,2766.21,,47470,92683,9351,,370.14,
12-06-2024,1336/853,115/64,50442/33848,3899/2625,725898,1226/1122/150,,387,32671.7,3050.4,,47490,93164,8983,,359.7,
13-06-2024,1284/868,118/71,50329/33334,3952/2689,736876,1226/1122/150,,401,32018.3,3317.23,,49218,92837,8983,,378,
14-06-2024,1371/890,118/72,49998/33362,3942/2710,747675,1226/1122/150,,400,32632.8,3274.4,,46460,93167,9003,,362,
15-06-2024,1271/795,131/70,48936/32409,3992/2686,759410,1226/1122/150,,387,32744.7,3375.27,,48477,91930,9084,,369.4,
16-06-2024,1344/762,134/71,46816/29378,3833/2547,772717,1226/1122/150,,361,31894.7,3376.46,,47548,92121,8865,,339.3,
17-06-2024,1333/778,126/67,49358/31917,4134/2738,780264,1226/1122/150,,378,32464.7,3218.31,,45549,92307,8841,,338.5,
18-06-2024,1440/807,120/56,49772/33490,3929/2645,787741,1226/1122/150,,379,31807.2,2882.59,,45997,92678,8336,,335.1,
19-06-2024,1266/755,121/67,49368/33684,3823/2719,796939,1226/1122/150,,377,30855,2952.83,,46215,92540,9061,,350.4,
20-06-2024,1193/811,106/67,50644/33881,4318/2741,805712,1226/1122/150,,379,31230.3,2982.36,,45187,91016,8806,,352.4,
21-06-2024,1172/760,114/59,49238/33432,4238/2737,814221,1226/1122/150,,401,31518.6,2573,,46921,90253,8717,,302.2,
22-06-2024,1338/758,140/61,51467/32871,4131/2648,823526,1226/1122/150,,404,32159.7,3244.31,,46868,92295,8954,,347.3,
23-06-2024,1420/723,139/57,47683/29910,3978/2572,829753,1226/1122/150,,362,32026.8,3327.74,,44934,89644,8739,,328.5,
24-06-2024,1531/818,133/70,51706/34392,4132/2774,835826,1226/1122/150,,377,32047.1,3252.55,,45111,92732,9058,,373.5,
25-06-2024,1436/809,133/69,50164/34531,3844/2842,843387,1226/1122/150,,404,32157.6,3260.48,,48417,91057,9322,,424,
26-06-2024,1472/768,135/55,51129/34233,4097/2786,848698,1226/1122/150,,408,32089.8,3165.25,,48179,91999,9036,,378.2,
27-06-2024,1552/798,146/70,51620/34599,4268/2822,859016,1226/1122/150,,421,32936.3,3306.26,,47930,91371,9215,,401.6,
28-06-2024,1445/813,134/65,51049/33909,4148/2742,865544,1226/1122/150,,438,33304.6,3349.23,,47666,90848,9251,,379.3,
29-06-2024,1416/788,136/67,50183/32456,4314/2657,873042,1226/1122/150,,432,33416.1,3286.98,,46962,88639,8974,,338.1,
30-06-2024,1272/708,119/55,49042/30317,4183/2651,880706,1226/1122/150,,413,33038.8,2986.99,,47982,88147,8565,,283.5,
01-07-2024,1461/728,136/58,52879/34507,4493/2786,543940,1226/1122/150,,408,30907,2776.63,,46826,90311,8983,,329,
02-07-2024,1456/621,140/53,53290/33713,4440/2613,578256,1226/1122/150,,408,30604.5,2897.35,,47522,88307,9257,,357.6,
03-07-2024,1442/693,128/55,50952/32549,4047/2684,600075,1226/1122/150,,408,29262.8,3093.23,,47419,86418,9424,,358.6,
04-07-2024,1420/740,138/56,47547/29753,3902/2581,621413,1226/1122/150,,436,31200.6,3218.29,,49257,89456,9505,,342.6,
05-07-2024,1437/791,139/69,49598/32238,4013/2487,638713,1226/1122/150,,439,32191.6,3316.66,,48640,91341,9558,,358.2,
06-07-2024,1413/777,123/60,52853/33440,4395/2689,655594,1226/1122/150,,429,33173.1,3399.66,,47703,91749,9956,,367.4,
07-07-2024,1373/772,116/62,48430/29621,4289/2511,668724,1226/1122/150,,420,33772.7,3324.59,,47325,90060,9693,,361.5,
08-07-2024,1435/849,130/70,53606/35412,4293/2776,681303,1226/1122/150,,430,33154.6,3326.75,,47832,93686,9965,,391,
09-07-2024,1445/905,129/76,53656/35882,4241/2895,696736,1226/1122/150,,465,34520.1,3718.82,,48687,95078,10813,,383.6,
10-07-2024,1395/896,126/74,53358/36508,4433/2964,713021,1226/1122/150,,478,35518.5,3560.79,,49307,95006,10886,,376.3,
11-07-2024,1505/963,147/78,54415/36114,4497/2899,728520,1226/1122/150,,538,35783.6,4060.75,,51409,95021,10356,,397.2,
12-07-2024,1562/1017,145/80,55064/36105,4565/2960,744492,1226/1122/150,,599,36812.4,4193.82,,52544,96257,11122,,400,
13-07-2024,1520/1032,137/84,56161/35283,4656/2860,760319,1226/1122/150,,608,37427.6,4365.32,,53672,95614,11719,,385.5,
14-07-2024,1607/1079,148/90,53892/33402,4605/2822,773798,1226/1122/150,,609,38569.3,4757.99,,54670,95789,12217,,372.6,
15-07-2024,1698/1214,150/91,59812/39584,4780/3190,786718,1226/1122/150,,672,38915.2,5041.94,,57081,100509,13011,,413.6,
16-07-2024,1622/1198,148/95,59906/39604,4791/3213,799524,1226/1122/150,,714,40503.7,4932.36,,57538,102349,12378,,375.7,
17-07-2024,1509/1187,138/96,56693/36933,4493/2934,810425,1226/1122/150,,724,41625.3,5116.49,,59057,101811,12854,,347.6,
18-07-2024,1629/1318,155/110,62077/41748,5039/3450,821316,1226/1122/150,,757,42637.8,5756.33,,60887,107374,13580,,434.56,
19-07-2024,1675/1329,162/122,62650/41989,5271/3551,836226,1226/1122/150,,753,42249.2,6177.2,,62224,107786,14399,,432.33,
20-07-2024,1594/1366,141/121,64510/43174,5325/3520,851920,1226/1122/150,,812,45161.7,6613.74,,62633,109026,14512,,430.74,
21-07-2024,1769/1364,165/116,64825/40870,5538/3609,866854,1226/1122/150,,881,46869.9,7181.07,,66003,110099,14389,,411.96,
22-07-2024,1904/1430,174/135,69759/46430,5844/3889,881651,1226/1122/150,,933,47647.1,7534.03,,67329,115052,16179,,440.49,
23-07-2024,1816/1568,169/149,71597/47604,6002/4020,896736,1226/1122/150,,992,48426.7,7758.22,,70058,117983,16582,,398.49,
24-07-2024,1789/1388,171/108,64884/44292,5155/3402,912518,1226/1122/150,,944,45555.5,7341.35,,70139,124131,17625,,382.29,
25-07-2024,2009/1670,200/177,74088/49980,6396/4348,926220,1226/1122/150,,1061,50196.1,8174.54,,72649,122603,17614,,395.52,
26-07-2024,1908/1695,170/147,73669/48487,6538/4010,951287,1226/1122/150,,1100,50761.2,8538.34,,76057,120897,18576,,379.02,
27-07-2024,1965/1846,195/157,76409/49526,6604/4199,964074,1226/1122/150,,1140,51670.4,8639.65,,76900,123691,18855,,379.49,
28-07-2024,1653/1441,197/158,66478/44524,6408/4238,978627,1226/1122/150,,896,40150.8,6651.92,,78571,130946,18697,,321.59,
29-07-2024,2066/1757,204/162,77051/52287,6830/4590,992806,1226/1122/150,,1037,45879,7784.05,,79049,128849,20044,,357.75,
30-07-2024,2109/1825,200/159,78122/53590,7038/4628,1007260,1226/1122/150,,1154,51380.2,8768.61,,80515,128388,19829,,388.09,
31-07-2024,2053/1948,205/167,79875/53465,7373/4625,1019203,1226/1122/150,,1210,54260.4,4126.03,,81642,128247,20428,,162.67,
01-08-2024,2212/1952,222/169,82063/54755,7374/4721,660248,1226/1122/150,,1265,54596.1,6572.78,,81829,130305,20514,,348.81,
02-08-2024,2206/1820,211/142,86191/51129,7217/4085,714359,1226/1122/150,,1336,53498.1,9415.95,,84421,122215,19937,,417.66,
03-08-2024,2114/1567,203/107,72904/46536,5783/3859,727471,1226/1122/150,,1123,45058.4,8396.49,,80162,122667,20726,,362.174,
04-08-2024,2102/1925,211/180,78759/49669,7178/4474,750853,1226/1122/150,,1275,52293.3,9948.92,,84974,128885,22282,,354.746,
05-08-2024,2062/1968,184/177,82990/54145,7357/4681,775972,1226/1122/150,,1262,52655,9801.2,,86757,132428,22422,,396.61,
06-08-2024,2122/1831,201/170,84408/55296,7610/4665,787045,1226/1122/150,,1323,54801.6,10120.07,,86631,132885,22484,,393.28,
07-08-2024,2200/2059,207/182,87022/57242,7712/4835,816588,1226/1122/150,,1332,54312.5,10392.36,,88264,130388,23473,,375.63,
08-08-2024,2393/2148,224/176,88079/58039,7688/4925,836849,1226/1122/150,,1366,54610.4,10349.12,,88586,129491,23935,,394.29,
09-08-2024,2325/2183,230/199,84563/55893,7755/4873,858992,1226/1122/150,,1342,55705.5,11145.17,,89018,136437,25598,,422.1,
10-08-2024,2300/2213,240/189,85858/55150,7576/4591,879335,1226/1122/150,,1336,56551.6,11145,,90077,135184,25158,,404.3,
11-08-2024,2282/2112,224/197,82855/52373,7705/4790,893667,1226/1122/150,,1276,55584.6,11182.74,,90153,134926,25773,,354.5,
12-08-2024,2434/2125,227/189,86299/56752,7909/5133,908235,1226/1122/150,116,1238,55276.9,11285.2,1044.3,89758,137440,27328,2021,427.4,69.64
13-08-2024,2323/2101,184/185,86676/56838,7457/4708,918953,1226/1122/150,92,1252,55261.6,10843.38,1134.35,90825,137314,28426,1982,403,80.52
14-08-2024,2359/2084,214/186,88050/59437,7729/5218,938466,1226/1122/150,97,1276,56460.6,8732.16,1197.97,89758,137440,27328,2168,297.7,92.14
15-08-2024,2330/2071,223/183,85050/54424,8043/4851,950287,1226/1122/150,97,1370,60138.4,11587.55,1219.39,90859,138423,28426,2087,384.7,72.23
16-08-2024,2514/1746,250/130,89624/59670,8147/5295,963732,1226/1122/150,103,1317,58159.8,12171.27,1185.08,90049,140996,31863,2128,425.7,84.64
17-08-2024,2300/1576,222/137,86365/58585,6976/4847,979566,1226/1122/150,106,1295,58486.7,10647.66,1166.94,91801,144213,33858,2180,337,84.86
18-08-2024,2360/1775,204/164,84910/53824,7349/4508,988222,1226/1122/150,110,1267,58215.6,12011.49,940.77,91114,138273,37535,2095,408.9,59.31
19-08-2024,2365/2045,220/173,86047/54110,7242/4481,1005374,1226/1122/150,111,1334,57288.1,10724.06,1792.64,94745,135673,35013,2394,315.9,151.07
20-08-2024,2364/2040,221/170,90336/58443,7929/5014,1018583,1226/1122/150,139,1264,56587.1,11712.54,4458.34,90502,137551,39857,3410,389.6,285.8
21-08-2024,2626/1984,212/158,90804/58490,7980/5050,1029768,1226/1122/150,138,1247,58123.4,12124.54,7355.76,88848,139033,40771,3744,372.9,269.97
22-08-2024,2572/1921,200/151,92831/59331,8357/5098,1041695,1226/1122/150,141,1242,57151.6,11720.54,3439.68,89952,138599,43647,3664,378.1,134.49
23-08-2024,2491/1827,191/160,93189/58253,8344/5156,1054417,1226/1122/150,143,1324,57102.1,11384.89,3511.93,91072,138015,42919,3755,328.1,143.18
24-08-2024,2391/2176,216/253,92837/58509,8293/5056,1067640,1226/1122/150,136,1270,57344.7,11926.59,3635.99,91735,140341,41080,3765,358.2,143.22
25-08-2024,2431/2292,209/254,90248/56601,8326/5089,1077221,1226/1122/150,131,1233,58010.6,12010.19,3771.28,92446,140577,41567,3616,365.3,143.24
26-08-2024,2518/2170,229/196,90652/56123,8003/4688,1087047,1226/1122/150,138,1266,58174,12186.17,4048.21,91301,139204,43826,4000,354.6,161.14
27-08-2024,2599/2256,256/188,94328/60954,8385/5348,1096810,1226/1122/150,138,1267,57794.7,11315.64,3141.18,90475,144294,40779,3654,330,95.42
28-08-2024,2299/2235,199/205,95281/60876,8719/5317,1107576,1226/1122/150,140,1262,57281.7,11778.99,2836.81,93210,144058,37201,3054,359.3,63.04
29-08-2024,2564/2339,246/214,97454/61577,8883/5494,1117689,1226/1122/150,146,1263,57346.2,12540.5,3918.69,100019,142199,38465,3859,414.5,118.94
30-08-2024,2592/1922,264/175,94576/60383,8550/5245,1128979,1226/1122/150,137,1296,57825.7,12297.03,4283.06,94990,142680,39842,3953,413,141.55
31-08-2024,2617/2328,258/204,96141/62218,8574/5449,1140382,1226/1122/150,138,1220,57376.6,11940.6,4291.61,94227,143692,38236,3887,413,140.37
01-09-2024,2625/2278,260/209,92412/57747,8878/5198,728791,1226/1122/150,134,1206,56961.1,11957.7,4401.14,94917,140720,39244,3860,356.9,130.31
02-09-2024,2617/2331,264/219,98189/62941,8879/5470,771115,1226/1122/150,143,1182,56229.3,12481.2,3625.12,93071,144027,41012,4028,417.5,112.04
03-09-2024,2565/2297,254/211,97252/62600,8734/5507,804205,1226/1122/150,132,1163,56814.9,12174.4,4463.19,91481,143877,39754,4059,391.8,127.36
04-09-2024,2083/2326,231/196,96680/62451,8734/5558,822602,1226/1122/150,146,1169,56758.2,12387.2,4383.19,92165,143592,38863,3969,404.8,143.22
05-09-2024,2378/2218,237/178,96088/61610,8588/5348,843176,1226/1122/150,150,1247,56937.7,12405.1,4478.38,94069,143153,38884,4234,403,148.52
06-09-2024,2339/2131,214/189,90291/58213,7951/4940,864044,1226/1122/150,151,1213,56848.6,12991.7,4654.28,92884,143230,39307,4130,389.8,146.95
07-09-2024,2037/2092,186/170,95439/60219,8417/5187,879506,1226/1122/150,153,1253,57901.1,12985,4595.3,95133,142604,38499,4354,388.2,152.69
08-09-2024,2242/2007,226/180,89620/55745,8428/4998,891694,1226/1122/150,138,1182,55793.4,12106.6,4540.49,94484,139738,37241,3837,355.4,139.24
09-09-2024,2360/2103,237/186,96557/60114,8893/5134,903397,1226/1122/150,165,1151,53791.1,12492.3,4600,93264,141035,38704,4524,394.9,160.87
10-09-2024,2367/2177,235/205,97113/60752,8723/5353,917744,1226/1122/150,164,1168,53874.9,12086.2,4729.83,93906,139425,40389,4542,414.5,174.72
11-09-2024,2294/2095,228/184,96519/60470,8800/5275,932212,1226/1122/150,170,1137,53737.9,12175.1,4983.95,91339,142567,39152,4576,429,169.09
12-09-2024,2362/2229,235/212,96875/61071,8809/5411,946531,1226/1122/150,173,1124,53069.5,12068,4587.19,94790,143965,38673,4587,435.1,133.58
13-09-2024,2266/2084,214/182,93729/59777,8553/5259,959898,1226/1122/150,175,1185,54314.3,11922.8,4898.29,93830,140793,39954,4631,423.8,142.8
14-09-2024,2293/1764,212/160,94838/54090,7769/4289,974065,1226/1122/150,174,1225,53346.7,12047.3,4742.87,92746,134397,36805,4854,397.6,139.96
15-09-2024,2155/1662,172/133,87544/47990,7915/4039,979281,1226/1122/150,155,1161,50299.9,10645.5,4918.39,92607,126410,34591,4390,334.2,145.4
16-09-2024,2163/1440,198/93,85111/44913,7031/3570,985653,1226/1122/150,142,1112,43954.6,9150.9,3316.37,93176,115268,28885,3700,289.3,104.35
17-09-2024,2165/1476,220/147,74811/43625,7664/4309,993736,1226/1122/150,132,1039,42819.5,7998,3157.04,90625,124847,32508,3718,148.9,51.32
18-09-2024,2350/1910,243/170,81033/48373,7754/4865,1003373,1226/1122/150,149,930,45498.8,10428.6,4292.78,85860,132284,41849,4233,115.2,32.29
19-09-2024,2341/2043,251/191,94906/57054,8827/5018,1013677,1226/1122/150,147,988,48495.5,11571.2,4046.22,100206,135556,44041,4203,411.4,114.31
20-09-2024,2400/2041,253/177,93324/57014,8882/5145,1027078,1226/1122/150,156,1099,50806.9,11562.3,5183.11,89843,136586,40436,4780,405.6,165.93
21-09-2024,2625/2179,227/176,96020/64576,8670/4883,1043224,1226/1122/150,163,950,41610.7,9744.8,4533.16,95457,135821,40969,4895,295.4,114.46
22-09-2024,2548/2025,251/168,88902/59838,8331/4784,1052128,1226/1122/150,169,930,38275.3,8902,4272.28,97461,134110,40570,4828,229.2,103.84
23-09-2024,2235/1889,200/159,91252/55737,8264/4546,1060700,1226/1122/150,182,1029,49003.7,11492.4,4863.48,89587,136228,43787,5173,428.5,162.85
24-09-2024,2251/1927,218/172,92385/55559,8579/4792,1070732,1226/1122/150,175,1074,49387.5,11619.7,4474.06,89507,138140,40995,4537,436.5,155.1
25-09-2024,2142/1840,198/148,91752/53075,8219/4478,1082374,1226/1122/150,181,1117,51694.7,12020.2,4666.35,91029,131297,42697,4599,419.6,160.64
26-09-2024,2645/1958,213/157,98463/55926,8776/4757,1092324,1226/1122/150,194,1143,51986.6,12329.7,5838.44,88751,129017,47172,5877,439.3,204.16
27-09-2024,2340/1902,228/171,92351/54006,8510/4713,1100341,1226/1122/150,195,1094,50668.8,12299.6,5913.86,88171,132119,48825,5755,420.6,221.66
28-09-2024,2267/1921,206/168,92104/54639,8468/4780,1110007,1226/1122/150,189,1055,50903.9,12055.3,5405.46,87034,131859,50288,5557,448.4,213.32
29-09-2024,2329/1875,225/177,89857/51295,8493/4773,1117367,1226/1122/150,174,1003,50690.7,11985.9,5992.13,86829,130393,51103,5479,418,206.11
30-09-2024,2283/1915,220/174,93717/55886,8585/4909,1125130,1226/1122/150,184,982,49350.9,11284.7,5684.44,85278,131762,54313,5798,474.4,246.43
01-10-2024,2260/1883,218/168,92759/56534,8437/4985,745271,1226/1122/150,196,961,49247.1,11364.6,5972.72,83654,132661,57816,6202,471,275.51
02-10-2024,2204/1795,222/157,89252/53127,8345/4749,773852,1226/1122/150,196,982,50886.9,11631.9,6074.41,85814,134220,52200,6117,458.1,234.48
03-10-2024,2261/1856,219/164,87550/54758,8363/4786,800034,1226/1122/150,204,942,49364.9,11984.5,6303.05,80421,132404,53477,6205,466.1,250.57
04-10-2024,2278/1785,239/157,87342/54083,8287/4708,825063,1226/1122/150,210,957,50022.4,10988.2,6567.61,86898,134512,54375,6474,494.6,277.04
05-10-2024,2337/1849,227/163,91879/55687,8150/4753,847964,1226/1122/150,215,977,50019.3,11424.4,6045.23,82652,135222,54380,6293,494.6,262.33
06-10-2024,2328/1780,234/154,87776/51218,8105/4441,862631,1226/1122/150,214,950,50126,10822.3,6571.12,81924,131720,53075,6311,433.6,269.22
07-10-2024,2294/1784,228/161,90640/54815,7981/4660,878929,1226/1122/150,224,921,48004.6,10926.5,6608.85,81196,133625,51307,6536,456.2,260.44
08-10-2024,2213/1694,207/150,88915/53457,7822/4335,897134,1226/1122/150,229,964,49719.8,11166.2,6706.61,84835,131654,51087,6749,403,251.58
09-10-2024,2151/1751,198/137,86429/51719,7243/3996,916317,1226/1122/150,231,954,49031.4,11550.3,6164.51,82720,131033,53167,6537,422.5,215
10-10-2024,2076/1680,196/141,81775/48499,6661/3689,940740,1226/1122/150,238,981,49318,11511.9,6282.95,81871,132128,54751,6644,408.71,191.48
11-10-2024,2003/1548,166/117,73578/43026,5965/3286,956548,1226/1122/150,220,984,49144.4,11477.5,5782.15,83677,129309,49852,5642,373.76,144.26
12-10-2024,1943/1619,153/128,76519/44409,6098/3337,970283,1226/1122/150,225,943,48980.3,11192.6,5749.42,81834,130868,48851,5709,419.45,164.83
13-10-2024,2071/1671,190/140,77117/45132,6945/3882,981664,1226/1122/150,232,902,48710.5,11147.8,5839.55,80904,128501,53166,6166,375.05,194.46
14-10-2024,2415/1763,238/154,87143/52054,7877/4474,992969,1226/1122/150,219,870,48045.2,11223.6,6175.2,79883,131314,58250,6458,464,256.09
15-10-2024,2228/1931,224/169,90133/54251,8253/4714,1010185,1226/1122/150,222,900,48885.4,11214.3,6224.47,80961,133481,54614,6777,453.95,275.27
16-10-2024,2291/1937,214/162,89337/54287,7968/4554,1024249,1226/1122/150,240,909,48678.4,11259.58,6609.39,81092,132005,55716,6990,467.69,289.75
17-10-2024,2231/1897,218/157,90970/53776,8543/4747,1037706,1226/1122/150,248,931,49166.1,11537.57,7021.3,80919,134597,58011,7405,485.87,281.77
18-10-2024,2235/1887,217/169,90623/54215,8491/4850,1051212,1226/1122/150,247,923,48725.6,11624.55,7545.19,80061,135149,60157,7573,482.58,290.3
19-10-2024,2183/1855,210/161,90900/54405,8449/4758,1062338,1226/1122/150,245,926,49991.2,11473.8221,6815.5,81006,136296,56998,7483,484.19,266.43
20-10-2024,2181/1810,219/160,85937/50953,8194/4611,1073556,1226/1122/150,239,880,50071.2,11290.2856,6495.25,81134,133786,53279,6361,420.85,229.28
21-10-2024,2318/1852,236/171,90555/55658,8689/4901,1084699,1226/1122/150,250,854,48740.4,10904.57,6434.7,78697,136763,53520,6750,452.4,246.33
22-10-2024,2192/1885,230/180,90114/55368,8636/4819,1095800,1226/1122/150,254,846,48669.9,10941.33,7158.07,78697,136763,53520,7457,445.1,277.33
23-10-2024,2259/1833,231/161,89602/54954,8575/4761,1107315,1226/1122/150,256,825,48550.6,11302.83,7416.46,78528,135769,54849,7514,471.8,276.43
24-10-2024,2237/1804,223/147,90734/53258,8494/4653,1117648,1226/1122/150,275,906,49843.8,11543.05,7713.19,81018,134466,54819,7983,453.5,263.18
25-10-2024,2243/1586,185/142,90987/50828,8523/4401,1128243,1226/1122/150,274,962,49836.5,11549.87,7353.47,83489,133252,53938,7747,436.3,243.37
26-10-2024,2195/1717,208/151,89915/51267,8391/4388,1138373,1226/1122/150,284,958,51587.1,11471.21,5447.01,81990,133106,38630,6350,403.7,157.59
27-10-2024,2292/1685,232/158,84061/48031,8234/4437,1145458,1226/1122/150,271,904,50104.1,11683.05,4895.87,82244,132773,29854,6395,404.2,118.56
28-10-2024,2373/1852,220/167,87640/52778,8166/4628,1153824,1226/1122/150,287,857,47485.5,11262.36,5585.8,80939,134976,30051,7170,447.2,164.6
29-10-2024,2307/1755,204/157,85607/50998,7787/4155,1163868,1226/1122/150,333,796,46293.9,10866.07,6776.76,80072,132465,32923,9609,454.9,270.53
30-10-2024,2310/1705,204/158,85881/48124,7783/4063,1173193,1226/1122/150,337,746,45178.1,11020,8963.02,75511,129233,35406,9786,435.1,379.53
31-10-2024,2241/1677,204/159,74482/40719,5194/2586,1182848,1226/1122/150,354,752,45096.7,11165.97,8982.91,74355,127144,33551,9404,423.2,306.38
01-11-2024,2295/1711,232/158,84155/46469,7537/3974,749212,1226/1122/150,344,757,46762.7,11207.56,8987.51,74411,127109,34792,9624,461.6,352.6
02-11-2024,2080/1780,203/157,84958/47398,7636/3955,792872,1226/1122/150,376,736,45704.3,11049.41,9731.25,74446,126629,37346,10732,466.8,439.78
03-11-2024,2127/1731,201/145,81375/44281,7645/3979,815241,1226/1122/150,380,714,45154.5,11078.02,9176.27,78946,124694,36665,10397,436.2,359
04-11-2024,2406/1836,218/166,86203/48911,7603/4079,838302,1226/1122/150,391,709,44531.5,11140.57,8321.7,75539,128513,38364,10707,475,400.3
05-11-2024,2316/1834,219/167,83982/47222,7492/4004,866451,1226/1122/150,393,717,45117.7,11014.22,10522.96,73132,126730,39356,11361,447.2,463.77
06-11-2024,2200/1737,198/134,75920/43137,5889/3077,888308,1226/1122/150,392,720,44814.1,10884.34,10347.22,73329,124504,22815,11051,418.6,421.01
07-11-2024,2035/1501,206/137,66225/36329,6068/3176,901627,1226/1122/150,389,712,45026.4,10766.43,10091.78,73110,123251,21312,11024,347.8,316.72
08-11-2024,2071/1593,203/149,72918/40198,6969/3693,916734,1226/1122/150,389,742,41801.1,11051.64,10612.77,73461,121372,21468,10626,392,376.82
09-11-2024,2059/1784,184/136,81936/45305,7491/3887,932818,1226/1122/150,391,700,40604.1,11101.54,10673.02,72544,122870,22051,11517,441.1,439.47
10-11-2024,2278/1820,230/148,82072/44196,7792/3994,948624,1226/1122/150,390,666,40881.9,11258.06,11292.43,72187,122779,22187,11399,439.5,464.79
11-11-2024,2372/1916,225/173,88308/51123,7678/4623,964159,1226/1122/150,408,655,43885,10832.58,11022.21,71412,125907,22941,11890,499.5,524.87
12-11-2024,2338/1862,220/151,87648/50123,8013/4243,978197,1226/1122/150,415,672,44868.8,10828.56,10967.6,75608,133684,22857,12223,452.3,495.06
13-11-2024,2037/1857,194/176,84320/46676,8050/4203,992975,1226/1122/150,414,703,45411.1,11067.68,10938.9,78668,128629,22956,12420,478.8,411.48
14-11-2024,2186/1862,202/154,89130/49460,8239/4215,1006082,1226/1122/150,426,757,44818.6,7564.46,11095.1,80700,131220,22940,12374,307.3,466.48
15-11-2024,1968/1697,189/156,81779/46197,7693/3985,1018746,1226/1122/150,429,686,45703,10807.1,11820.1,73665,126275,21406,12885,447.8,496.6
16-11-2024,2017/1837,230/148,84631/49026,7702/4174,1030439,1226/1122/150,433,676,44963.7,10376.15,10746.33,75671,133639,20418,12319,491.6,444.64
17-11-2024,2003/1746,225/173,80361/45195,7559/3999,1040117,1226/1122/150,427,633,44712,9891.84,11214.81,70685,131709,20138,12201,410.4,444.89
18-11-2024,2117/1777,191/152,79902/48795,7177/4120,1049588,1226/1122/150,429,583,42326.6,9145.85,11458.61,70840,128311,21405,12600,496.4,559.86
19-11-2024,2148/1811,198/136,80361/46197,7693/3985,1061926,1226/1122/150,506,616,43483,9831.16,11254.7,72610,128796,21307,12625,421.1,402.57
20-11-2024,2057/1675,188/141,82163/49167,8033/4126,1073880,1226/1122/150,481,177,39930,10030.25,11199.81,71557,122216,20514,12625,461.5,446.52
21-11-2024,2123/1764,191/152,84349/48914,7875/4149,1085466,1226/1122/150,505,648,43272.8,9767.56,10473.06,63169,115110,16239,13251,467.8,466.88
22-11-2024,2087/1755,193/148,81404/47248,7750/4058,1096726,1226/1122/150,526,649,42805.8,9420.31,10657.54,72029,141438,22805,13548,442.2,558.25
23-11-2024,2141/1636,205/133,83347/45609,7830/3954,1108831,1226/1122/150,529,664,45411.6,9943.88,13715.27,66600,126205,20399,14365,449.7,770.22
24-11-2024,2084/1591,208/133,80926/42894,7706/3786,1117653,1226/1122/150,528,592,42905.5,9938.08,12734.75,65483,121290,20138,13482,428.1,768.82
25-11-2024,2117/1719,190/149,85412/47277,7805/3977,1126660,1226/1122/150,525,586,41108.2,9696.79,11646.31,64490,124919,20448,13838,455.4,886.55
26-11-2024,1871/1555,187/155,86286/46672,8135/4023,1138193,1226/1122/150,550,584,40726.1,9793.8,12000.03,64607,123184,20694,14315,481.6,954.73
27-11-2024,1922/1673,189/151,85642/48124,7812/4132,1148764,1226/1122/150,558,581,41056.2,9849.78,12144.97,65062,126709,20733,14501,518.8,999.2
28-11-2024,1632/1240,199/149,86402/47914,8133/4086,1159436,1226/1122/150,567,588,42045.7,9797.22,12993.86,66440,135165,20748,14739,563.6,1159.21
29-11-2024,2065/1686,194/151,85112/47122,8078/4146,1169136,1226/1122/150,586,590,40870.2,9834.73,13570.92,77985,125151,20812,15330,626.1,1415.83
30-11-2024,2162/1449,194/142,86009/47452,7934/4103,1178923,1226/1122/150,577,589,42264.8,9968.12,13990.97,64691,125118,20351,15281,673.1,1552.83
01-12-2024,1663/1162,181/143,81807/44495,7725/4025,746631,1226/1122/150,576,582,42516.9,10001.13,13018.61,65846,123202,20142,14303,652.3,1291.4
02-12-2024,2152/1701,182/156,87079/48398,8055/4167,775657,1226/1122/150,600,574,40575,9597.27,13454.24,64029,124984,20433,15712,684.7,1567
03-12-2024,1944/1804,173/163,84807/46224,8233/4135,806686,1226/1122/150,593,575,40656.6,9563.02,14156.56,63131,123941,20490,16284,656.5,1684.71
04-12-2024,1906/1811,172/166,85352/47907,8128/4087,832109,1226/1122/150,590,567,40563.3,9707.65,14663.74,67101,134197,20524,15973,651.8,1774.72
05-12-2024,1966/1792,196/166,86869/49017,8274/4113,854534,1226/1122/150,600,607,41678.5,9845.87,13451.21,69842,136789,20960,15949,670.6,1696.79
06-12-2024,1713/1728,150/157,85327/45998,8059/4082,874298,1226/1122/150,621,610,40972.7,9929.18,14907.03,65028,121241,20512,16920,681,1684.89
07-12-2024,1463/1813,126/157,85373/46967,7815/4074,893106,1226/1122/150,604,560,40834.9,9700.67,13666.17,64683,130805,20452,16692,635.8,1513.63
08-12-2024,1392/1896,113/175,81665/42822,7808/3870,905709,1226/1122/150,601,551,41147.5,9506.78,14906.52,62481,124631,19636,16271,596.2,1543
09-12-2024,1180/1777,120/96,91466/46573,8107/3810,905709,1226/1122/150,592,624,41242.4,9191.68,14416.84,71945,130407,19561,16500,597.4,1698.29
10-12-2024,1668/1879,177/148,84526/45409,7884/3876,933766,1226/1122/150,612,592,39362.4,9632.56,14323.74,65757,120257,20073,17288,626.6,1770.32
11-12-2024,1581/1818,156/141,84819/46100,7930/3852,955215,1226/1122/150,602,582,39484.1,9542.52,12954.84,67262,135692,20619,17017,675.7,1517.79
12-12-2024,1423/1771,138/161,85649/46455,8053/3886,956922,1226/1122/150,649,586,39443.7,9531.65,13645.45,69967,141193,20740,17594,691.5,1609.16
13-12-2024,1714/1443,184/133,84085/44723,8017/3894,970487,1226/1122/150,665,577,39379.8,9461.18,14762.73,64668,135581,20544,15643,650.9,1817
14-12-2024,1784/1658,170/147,83531/44638,7706/3795,985205,1226/1122/150,680,573,37558.6,9471.27,15114.43,62926,131491,19833,15534,631.8,1720.78
15-12-2024,1494/1600,129/150,78337/41242,7560/3615,996628,1226/1122/150,678,545,33074.4,9411.44,14808.94,64064,128022,19626,14869,600.2,1504.39
16-12-2024,1497/1219,135/148,85037/45561,7951/3967,1004693,1226/1122/150,685,544,36788.6,9337.7,15522.49,61746,123655,20103,15872,653.1,1920.12
17-12-2024,1412/1328,141/151,84185/45409,7706/3795,1016812,1226/1122/150,700,550,39619.8,9479.52,16045.02,62946,138143,20090,16463,630.3,1928.25
18-12-2024,1886/1470,183/136,85478/45699,7813/3871,1028027,1226/1122/150,715,533,39363.6,8981.8,16668.34,64984,122647,20126,16487,588.5,1862.34
19-12-2024,1758/1837,170/168,87578/45713,8300/3863,1039079,1226/1122/150,,547,39118.7,9461.22,,64001,129894,20531,,662.8,
20-12-2024,1906/1639,183/144,86430/43360,8246/3908,1050618,1226/1122/150,,558,39118.7,9674.92,,64043,123515,20633,,698.4,
21-12-2024,2021/1509,173/147,88256/43824,8214/3757,1062698,1226/1122/150,,558,40614.6,10060.5,,61680,121988,20613,,661.8,
22-12-2024,1956/1557,186/143,83331/40598,8122/3663,1071529,1226/1122/150,,567,40957.3,9991.92,,62582,115749,20210,,668,
23-12-2024,1981/1528,180/145,85371/44512,8015/3766,1080398,1226/1122/150,720,545,40195.1,9311.43,16440.56,64229,128816,20210,17119,615.7,1459.47
24-12-2024,2036/1587,192/156,87154/44261,8094/3740,1092578,1226/1122/150,723,554,40369.1,9768.2,17041.36,64229,128816,20210,15503,646.5,1480.64
25-12-2024,2109/1674,189/152,80760/41783,7522/3575,1101628,1226/1122/150,719,568,41168.8,9653.29,14956.56,64229,128816,20210,16075,594.3,1189.64
26-12-2024,1932/1497,172/139,85328/43784,8092/3778,1110442,1226/1122/150,738,563,41337.6,9813.1,15968.9,64229,128816,20210,16954,614.9,1285.45
27-12-2024,1844/1436,165/129,83115/42569,7809/3735,1122195,1226/1122/150,728,559,40611.9,9777.16,16340.6,64229,128816,20210,16990,596.9,1379.67
28-12-2024,1728/1396,158/121,81400/42837,7493/3695,1134188,1226/1122/150,743,563,41939.3,9773.06,12905.8,64229,128816,20210,16516,593.2,1252.59
29-12-2024,1811/1407,162/115,79332/38805,7781/3520,1142638,1226/1122/150,741,530,40280.9,9714.67,17119.86,64229,128816,20210,16988,558.1,1228.31
30-12-2024,1824/1355,165/115,80847/41214,7697/3604,1150229,1226/1122/150,804,525,39877.4,9530.55,18898.89,60134,114149,20788,19370,646,1603.76
31-12-2024,1922/1457,169/100,83155/41120,7432/3465,1158804,1226/1122/150,815,543,39392.5,9590.16,18684.1,61739,122831,20650,19370,626.6,1573.13
01-01-2025,1986/1501,182/119,103367/52667,8489/4086,729140,1226/1122/150,835,563,39900.6,9528.73,18868.2,60522,117088,19902,18965,777.8,2163.09
02-01-2025,1867/1476,177/114,81104/41925,7399/3514,760387,1226/1122/150,835,544,39061.4,9475.18,18049.3,9476.18,117088,19902,19140,611.4,1577.96
03-01-2025,1747/1310,164/113,88256/40598,8122/3663,790258,1226/1122/150,834,545,38950.6,"9,504.94",19009.38,65757,120257,20073,20583,610.93,1693.66
04-01-2025,1794/1350,182/123,83331/44512,8015/3766,816888,1226/1122/150,830,554,38055.6,"9,673.78",20566.58,67262,135692,20619,20251,632.64,1674.48
05-01-2025,1810/1262,191/102,85371/44261,8094/3740,832549,1226/1122/150,848,568,38274.9,"9,650.54",20093.98,69967,141193,20740,19862,619.14,1559.58
06-01-2025,1851/1417,178/119,87154/41783,7522/3575,848570,1226/1122/150,847,563,38166.3,"9,306.00",21144.87,64668,135581,20544,21015,660.82,1899.14
07-01-2025,1927/1432,182/139,80760/43784,8092/3778,872394,1226/1122/150,831,559,40676.3,"9,999.32",18159.77,62926,131491,19833,20043,677.82,1579.9
08-01-2025,1894/1409,185/121,85328/42569,7809/3735,886124,1226/1122/150,894,563,39983.5,"9,899.79",18109.81,64064,128022,19626,21053,665.05,1623.65
09-01-2025,1857/1389,174/121,83115/42837,7493/3695,901473,1226/1122/150,928,530,40501.8,"9,316.66",16934.98,61746,123655,20103,22135,669.27,1443.45
10-01-2025,1896/1172,175/121,81400/38805,7781/3520,915630,1226/1122/150,934,525,37227.5,"9,264.42",23351.6,62946,138143,20090,23804,626.28,2202.6
11-01-2025,1816/1222,172/131,79332/41214,7697/3604,930728,1226/1122/150,947,543,36659.9,"9,676.01",24850.29,64984,122647,20126,24520,639.24,2006.2
12-01-2025,1882/1443,166/129,80847/41120,7432/3465,938117,1226/1122/150,942,545,36055.6,"9,449.32",24629.72,64001,129894,20531,23595,607.24,1903.15
13-01-2025,1986/1421,170/109,83155/52667,8489/4086,949829,1226/1122/150,977,554,35980.5,"9,845.45",25388.49,64043,123515,20633,25096,709.17,2049.31
14-01-2025,1814/1367,172/124,79332/41214,7697/3604,961519,1226/1122/150,1002,568,36434.6,"9,674.65",26769.19,61680,121988,20613,25065,646.81,2181.94
15-01-2025,1818/1471,175/128,88060/37910,8056/3226,971978,1226/1122/150,993,563,34908.3,"9,712.43",25198.75,62582,115749,20210,25012,668.24,2200.61
16-01-2025,1827/1564,157/138,88535/38861,8167/3254,983119,1226/1122/150,1009,438,35437,"9,939.00",25593.7,55528,124467,20861,25461,676.71,2223.04
17-01-2025,1945/1476,174/127,83425/37106,7319/3160,995375,1226/1122/150,1031,427,34741.3,"7,506.55",26475.18,49098,127547,20593,26419,444.34,
18-01-2025,1971/1410,164/124,89348/38617,8093/3409,1007181,1226/1122/150,,448,35678.5,"9,667.09",,53051,109598,20755,,685.98,2324.65
19-01-2025,1958/1388,170/121,84132/36185,8181/3104,1015528,1226/1122/150,1002,442,35892,"9,536.45",24876.41,52611,111639,19948,25233,633.8,1826.26
20-01-2025,1912/1399,200/115,91131/38378,8412/3318,1024119,1226/1122/150,1012,411,33492.6,"9,347.74",25757.77,50151,103570,20389,26236,698.78,2228.91
21-01-2025,1887/1129,188/94,91376/38903,8675/3395,1035107,1226/1122/150,986,416,3243,"9,249.74",25605.54,55538,135262,20450,26015,665.19,2185.22
22-01-2025,1867/1271,178/138,90485/39080,8302/3414,1045910,1226/1122/150,1015,429,3383,"9,001.62",25442.01,51716,103998,19799,26048,675.67,2177.48
23-01-2025,1970/1400,200/101,93200/38175,8757/3354,1058209,1226/1122/150,1032,418,3350,"9,713.38",28045.13,46961,97713,20506,27256,690.78,2496.84
24-01-2025,2008/1443,198/130,89637/38414,8121/3475,1068498,1226/1122/150,1030,438,3356,"9,530.28",26234.58,57192,119104,20616,26158,629.83,2210.17
25-01-2025,1930/1416,187/120,89007/37519,7927/3457,1078828,1226/1122/150,1087,440,3416,"9,424.35",29180.96,51101,103881,20255,27200,623.52,2181.04
26-01-2025,1936/1431,198/131,84359/33284,8278/3160,1086568,1226/1122/150,,397,35352.1,"9,849.01",,45220,103673,20013,,635.15,
27-01-2025,2033/1437,194/101,91089/38077,8292/3376,1094347,1226/1122/150,1083,389,33740.3,"9,184.83",27095.74,46021,105814,20014,28040,652.19,2408.8
28-01-2025,1914/1492,192/127,90649/38060,8441/3226,1105688,1226/1122/150,1117,389,33755,"9,109.58",27696.22,47612,102903,19980,28423,647.01,2419.69
29-01-2025,1964/1572,199/143,92280/37672,8702/3273,1113775,1226/1122/150,1130,402,33749.6,"9,333.64",28077.17,48231,134160,19853,28722,661.8,2497.56
30-01-2025,1947/1513,191/132,93595/38330,8883/3431,1122293,1226/1122/150,1139,420,34626.4,"9,530.99",27361.27,52696,118954,20400,28870,682.62,2527.65
31-01-2025,1919/1473,192/138,89089/37508,8566/3291,1133362,1226/1122/150,,442,34933.9,"9,710.47",,47309,101501,21622,,748.56,
01-02-2025,1981/1517,178/135,92747/37011,8677/3263,715262,1226/1122/150,,422,34374.9,"9,718.53",,46187,114228,20498,,713.91,
02-02-2025,1966/1414,183/116,85776/33886,8150/2935,746692,1226/1122/150,1143,408,34644,"9,526.26",28215.13,47979,94091,19781,28153,642.35,2137.83
03-02-2025,1991/1402,189/120,87105/34632,7868/2904,768342,1226/1122/150,1167,400,35008.4,9416.68,28318.96,46528,123703,19555,29051,628.8,2312.15
04-02-2025,2024/1490,176/121,91622/36305,8036/2958,780378,1226/1122/150,1190,399,33228.4,9499.97,29797.42,46869,101202,19997,29789,679.5,2689.19
05-02-2025,2028/1441,187/128,90606/37485,7963/3223,812614,1226/1122/150,,402,33300.6,9198.27,,50991,108749,19713,,689.1,
06-02-2025,1911/1418,184/119,92856/36471,8383/3054,833555,1226/1122/150,1184,389,32720.9,9416.67,27371.93,47612,103636,20235,29702,660.6,2465.29
07-02-2025,1887/1470,182/128,89152/37185,8097/3307,854877,1226/1122/150,,404,33276.9,9244.47,,49674,97185,19403,,688.5,
08-02-2025,1867/1434,182/125,88597/34997,8168/3060,877799,1226/1122/150,,383,33104.7,8996.51,,50884,129768,18979,,654.6,
09-02-2025,1911/1368,183/129,84975/33871,7902/3245,890573,1226/1122/150,1188,389,33606.8,9266.79,27755.19,47747,99245,18778,28961,617.3,2090.42
10-02-2025,1983/1471,186/131,92765/37190,8582/3225,903357,1226/1122/150,1237,375,31989.6,8708.3,28759.72,45226,93537,19006,30835,638.4,2806.99
11-02-2025,1990/1572,190/142,90873/37579,8614/3232,921807,1226/1122/150,1217,371,33016.3,8525.97,28900.78,52855,111965,19151,30390,647.3,2797.43
12-02-2025,1914/1289,189/98,85574/37617,7192/3524,937449,1226/1122/150,1230,374,33584.1,7958.04,27648.04,55249,124778,19151,30199,602.5,3023.69
13-02-2025,1970/1152,196/107,89853/36552,8548/3116,952270,1226/1122/150,1249,371,32614.6,8831.34,28408.51,51903,113616,19846,30357,705.3,2868.19
14-02-2025,1553/1249,190/121,82616/34982,7614/3121,966070,1226/1122/150,1224,337,32946.3,6318.83,31329.97,44368,106645,18317,31204,436.7,3191.81
15-02-2025,1925/1148,182/107,89286/34887,8359/2999,978738,1226/1122/150,,366,32482.6,7782.55,,48297,97508,18784,,573.8,
16-02-2025,1829/1290,180/126,86639/33159,8315/2953,998630,1226/1122/150,1256,365,33516.6,9190.26,29986.3,44441,91653,19002,30861,687,2971.09
17-02-2025,1865/1370,194/125,90730/38887,8388/3472,1010234,1226/1122/150,,386,27435.5,7061.06,,48699,100064,19776,,654.3,
18-02-2025,1890/1410,171/148,92137/36662,8679/3188,1022784,1226/1122/150,1244,351,30796.5,6531.06,29669.74,45499,97499,18994,31459,524.8,3377.04
19-02-2025,1734/1368,171/124,92130/35079,8538/3093,1034630,1226/1122/150,1222,342,31948.8,8979.75,32701.05,42615,90107,18720,31839,709.5,3572.36
20-02-2025,1679/1209,138/98,87655/35537,8148/2958,1046686,1226/1122/150,1228,369,33009.5,8730.57,30410.69,48658,99951,18438,31721,690.8,3103.35
21-02-2025,1874/1158,174/117,90083/33624,8533/2940,1060371,1226/1122/150,,357,32306.9,8859.26,,45471,106896,19039,,659.6,
22-02-2025,1835/1226,191/116,90218/31964,8468/2802,1071151,1226/1122/150,,345,32472.8,9139.75,,42791,81337,18911,,690.1,
23-02-2025,1787/1183,182/123,83441/30992,8007/2590,1078397,1226/1122/150,,367,34009.3,8557.93,,47729,99894,18442,,571.9,
24-02-2025,1861/1207,193/128,91838/33941,8594/3104,1087811,1226/1122/150,,345,32072.1,8555.69,,45686,93703,18881,,691.9,
25-02-2025,1922/1276,201/128,89451/34759,8197/3176,1101124,1226/1122/150,,356,32708.7,8236.84,,45693,92074,18032,,664.7,
26-02-2025,1793/1197,167/103,84870/31110,8068/2672,1111959,1226/1122/150,,364,33648.3,9109.53,,44856,92032,18331,,630.5,
27-02-2025,1803/1201,185/122,93526/33948,8747/2987,1122093,1226/1122/150,,358,32558.9,9074.49,,42391,90427,18944,,712.9,
28-02-2025,1921/1218,169/120,88396/33510,8586/2968,1132576,1226/1122/150,,361,33529.1,8588.04,,45859,86018,18821,,591,
01-03-2025,2059/1325,200/115,88045/32952,8251/2825,714491,1226/1122/150,,326,30973.2,7635.18,,42056,96977,18665,,582.4,
02-03-2025,1941/1277,178/109,80847/30437,7917/2811,756440,1226/1122/150,,322,32097,7355.63,,44171,85545,18038,,492.4,
03-03-2025,1927/1251,191/112,86226/34711,7707/2993,786054,1226/1122/150,1269,359,31059.6,6037.38,,44475,101152,17956,,430.9,
04-03-2025,1083/767,189/109,86176/32301,8199/2885,806894,1226/1122/150,1262,342,32386.1,8023.81,,41078,84566,18594,,593.3,
05-03-2025,1902/1186,180/114,88079/33946,8296/3044,817421,1226/1122/150,1292,346,30125,7284.56,,50827,129120,18564,,554.7,
06-03-2025,1949/1145,181/103,88315/33772,7987/2904,846618,1226/1122/150,1293,323,30067.2,7426.26,,43080,94193,18557,,628.8,
07-03-2025,1868/1174,195/107,82638/33018,8220/2984,863724,1226/1122/150,,295,30266.8,5364.25,,38294,85941,17817,,409.2,
08-03-2025,1993/1172,190/103,89393/32172,8246/2806,880294,1226/1122/150,,317,30246.4,7986.19,,38969,82650,18298,,658.1,
09-03-2025,1850/1107,169/102,79577/33204,7653/2895,897074,1226/1122/150,1284,353,34902.8,8202.61,,52227,124287,17975,,579.8,
10-03-2025,2107/1226,200/118,89464/36739,8418/3246,912543,1226/1122/150,1315,335,31469.4,7980.49,,54266,122126,18717,,683.9,
11-03-2025,1948/1143,172/93,92263/33657,8521/2946,925808,1226/1122/150,1322,311,29543.3,7746.9,,40795,88529,18566,,665.6,
12-03-2025,1934/1103,189/99,88369/32734,7415/2865,940301,1226/1122/150,,303,29364,7174.47,,40101,89129,18879,,559.8,
13-03-2025,1749/987,178/82,83670/30838,7288/2586,955841,1226/1122/150,,312,30038.7,7000.16,,46926,128573,17995,,480.8,
14-03-2025,1655/841,170/77,75096/26170,6947/2319,965729,1226/1122/150,,315,28129.3,8377.16,,37461,74814,18137,,537.9,
15-03-2025,1667/741,166/58,73590/25487,6597/2241,974132,1226/1122/150,,301,29543.3,8203.38,,38063,74181,17900,,509.8,
16-03-2025,1508/696,148/59,75212/26117,7329/2480,982668,1226/1122/150,1292,290,29626,7941.73,,37683,74829,17802,,559.8,
